Annualized Return,Portfolio Volatility,Sharpe Ratio,Sortino Ratio,Max Drawdown
0.16056288050526185,0.08200709165117473,1.3482112129467045,2.342712997886719,-0.0838300892108287
