Stock,Weight
BDL,0.11030407
BSE,0.09233114
CAMPUS,0.12866849
GPPL,0.03869637
INOXWIND,0.10731817
JSWENERGY,0.12726997
JSWINFRA,0.09520022
MAHSEAMLES,0.09909716
QUESS,0.1358658
RAJESHEXPO,0.0652486
